5/1/2024 11:51,Who was the most interesting person I interacted with today?,My friend Pedro after many years.
5/1/2024 11:51,What was the best part of my day?,Going out with my family for a walk.
5/1/2024 11:51,How did I see the hand of the Lord in my life today?,Today I received a lot of inspiration to do my homework.
5/1/2024 11:51,What was the strongest emotion I felt today?,I felt joy seeing my son trying hard to carry out his responsibilities.
5/1/2024 11:51,If I had one thing I could do over today  what would it be?,Play with my son and teach him how to drive a bicycle.
5/4/2024 12:19:56 PM,Who was the most interesting person I interacted with today?,I was excited to see my wife helping the neighbor.
5/4/2024 12:20:20 PM,Who was the most interesting person I interacted with today?,Today I was blessed with wisdom to make a good decision.
5/4/2024 12:21:06 PM,Who was the most interesting person I interacted with today?,I was excited to see my wife helping the neighbor.
5/4/2024 12:21:42 PM,If I had one thing I could do over today, what would it be?,Going out to the park with my 5 year old daughter to entertain her.
5/4/2024 12:23:54 PM,If I had one thing I could do over today, what would it be?,I do not know.
5/4/2024 12:25:46 PM,What was the strongest emotion I felt today?,To play with my family.
